{
  "OB": {
    "work-day": [
      [
        7,
        0
      ],
      [
        1,
        0.0047619047619047615
      ],
      [
        1,
        0.02261904761904762
      ],
      [
        1,
        0.07023809523809524
      ],
      [
        6,
        0.7059523809523809
      ],
      [
        1,
        0.09404761904761905
      ],
      [
        1,
        0.07023809523809524
      ],
      [
        1,
        0.02261904761904762
      ],
      [
        1,
        0.0047619047619047615
      ],
      [
        1,
        0.0047619047619047615
      ],
      [
        3,
        0
      ]
    ],
    "off-day": [
      [
        24,
        0
      ]
    ]
  },
  "SC": {
    "work-day": [
      [
        7,
        0
      ],
      [
        1,
        0.005235602094240838
      ],
      [
        1,
        0.05104712041884817
      ],
      [
        1,
        0.07722513089005235
      ],
      [
        3,
        0.36649214659685864
      ],
      [
        1,
        0.026178010471204192
      ],
      [
        1,
        0.07853403141361257
      ],
      [
        2,
        0.23560209424083772
      ],
      [
        1,
        0.10340314136125656
      ],
      [
        1,
        0.05104712041884817
      ],
      [
        1,
        0.005235602094240838
      ],
      [
        4,
        0
      ]
    ],
    "off-day": [
      [
        24,
        0
      ]
    ]
  },
  "GS": {
    "work-day": [
      [
        7,
        0
      ],
      [
        1,
        0.006024096385542169
      ],
      [
        1,
        0.028614457831325303
      ],
      [
        1,
        0.058734939759036146
      ],
      [
        2,
        0.12048192771084339
      ],
      [
        3,
        0.27108433734939763
      ],
      [
        2,
        0.12048192771084339
      ],
      [
        1,
        0.09036144578313253
      ],
      [
        1,
        0.15060240963855423
      ],
      [
        1,
        0.08885542168674698
      ],
      [
        1,
        0.058734939759036146
      ],
      [
        1,
        0.006024096385542169
      ],
      [
        2,
        0
      ]
    ],
    "off-day": [
      [
        24,
        0
      ]
    ]
  },
  "RE": {
    "work-day": [
      [
        8,
        0
      ],
      [
        3,
        0.037037037
      ],
      [
        1,
        0.148148148
      ],
      [
        1,
        0.185185185
      ],
      [
        1,
        0.111111111
      ],
      [
        4,
        0
      ],
      [
        2,
        0.037037037
      ],
      [
        1,
        0.111111111
      ],
      [
        1,
        0.185185185
      ],
      [
        2,
        0.037037037
      ]
    ],
    "off-day": [
      [
        24,
        0
      ]
    ]
  },
  "UNI": {
    "work-day": [
      [
        7,
        0
      ],
      [
        1,
        0.052631579
      ],
      [
        1,
        0.078947368
      ],
      [
        2,
        0.263157895
      ],
      [
        1,
        0.105263158
      ],
      [
        1,
        0.026315789
      ],
      [
        1,
        0.078947368
      ],
      [
        1,
        0.131578947
      ],
      [
        2,
        0.210526316
      ],
      [
        1,
        0.052631579
      ],
      [
        6,
        0
      ]
    ],
    "off-day": [
      [
        24,
        0
      ]
    ]
  },
  "HOSPITAL": {
    "work-day": [
      [
        24,
        1
      ]
    ],
    "off-day": [
      [
        24,
        1
      ]
    ]
  },
  "CULTURE": {
    "work-day": [
      [
        7,
        0
      ],
      [
        1,
        0.019230769
      ],
      [
        1,
        0.057692308
      ],
      [
        2,
        0.192307692
      ],
      [
        2,
        0.038461538
      ],
      [
        2,
        0.192307692
      ],
      [
        4,
        0.230769231
      ],
      [
        2,
        0.192307692
      ],
      [
        1,
        0.057692308
      ],
      [
        1,
        0.019230769
      ],
      [
        1,
        0
      ]
    ],
    "off-day": [
      [
        7,
        0
      ],
      [
        1,
        0.019230769
      ],
      [
        1,
        0.057692308
      ],
      [
        2,
        0.192307692
      ],
      [
        2,
        0.038461538
      ],
      [
        2,
        0.192307692
      ],
      [
        4,
        0.230769231
      ],
      [
        2,
        0.192307692
      ],
      [
        1,
        0.057692308
      ],
      [
        1,
        0.019230769
      ],
      [
        1,
        0
      ]
    ]
  },
  "SPORT": {
    "work-day": [
      [
        7,
        0
      ],
      [
        1,
        0.043478261
      ],
      [
        1,
        0.068965517
      ],
      [
        2,
        0.172413793
      ],
      [
        1,
        0.068965517
      ],
      [
        1,
        0
      ],
      [
        1,
        0.068965517
      ],
      [
        2,
        0.172413793
      ],
      [
        1,
        0.068965517
      ],
      [
        1,
        0.043478261
      ],
      [
        3,
        0.206896552
      ],
      [
        2,
        0.086956522
      ],
      [
        1,
        0
      ]
    ],
    "off-day": [
      [
        7,
        0
      ],
      [
        1,
        0.043478261
      ],
      [
        1,
        0.068965517
      ],
      [
        2,
        0.172413793
      ],
      [
        1,
        0.068965517
      ],
      [
        1,
        0
      ],
      [
        1,
        0.068965517
      ],
      [
        2,
        0.172413793
      ],
      [
        1,
        0.068965517
      ],
      [
        1,
        0.043478261
      ],
      [
        3,
        0.206896552
      ],
      [
        2,
        0.086956522
      ],
      [
        1,
        0
      ]
    ]
  },
  "RETAIL": {
    "work-day": [
      [
        7,
        0
      ],
      [
        1,
        0.03030303
      ],
      [
        3,
        0.181818182
      ],
      [
        3,
        0.272727273
      ],
      [
        2,
        0.121212121
      ],
      [
        1,
        0.090909091
      ],
      [
        1,
        0.151515152
      ],
      [
        1,
        0.090909091
      ],
      [
        1,
        0.060606061
      ],
      [
        4,
        0
      ]
    ],
    "off-day": [
      [
        7,
        0
      ],
      [
        1,
        0.03030303
      ],
      [
        3,
        0.181818182
      ],
      [
        3,
        0.272727273
      ],
      [
        2,
        0.121212121
      ],
      [
        1,
        0.090909091
      ],
      [
        1,
        0.151515152
      ],
      [
        1,
        0.090909091
      ],
      [
        1,
        0.060606061
      ],
      [
        4,
        0
      ]
    ]
  },
  "WORKSHOP": {
    "work-day": [
      [
        5,
        0.070422535
      ],
      [
        1,
        0.035211268
      ],
      [
        1,
        0.056338028
      ],
      [
        2,
        0.140845070
      ],
      [
        1,
        0.056338028
      ],
      [
        1,
        0.070422535
      ],
      [
        1,
        0.035211268
      ],
      [
        1,
        0.056338028
      ],
      [
        2,
        0.140845070
      ],
      [
        3,
        0.169014085
      ],
      [
        4,
        0.14084507
      ],
      [
        2,
        0.028169014
      ]
    ],
    "off-day": [
      [
        24,
        0
      ]
    ]
  }
}

